<?xml version="1.0" encoding="UTF-8"?>
<project-private xmlns="http://www.netbeans.org/ns/project-private/1">
    <editor-bookmarks xmlns="http://www.netbeans.org/ns/editor-bookmarks/2" lastBookmarkId="0"/>
    <open-files xmlns="http://www.netbeans.org/ns/projectui-open-files/2">
        <group>
            <file>file:/C:/Users/xvpow/Documents/Ch5_20200722/src/ch5_20200722/testoverride/Ch5_6.java</file>
            <file>file:/C:/Users/xvpow/Documents/Ch5_20200722/src/ch5_20200722/testoverride/Ch5_7.java</file>
            <file>file:/C:/Users/xvpow/Documents/Ch5_20200722/src/ch5_20200722/Teacher.java</file>
            <file>file:/C:/Users/xvpow/Documents/Ch5_20200722/src/ch5_20200722/Ch5_2.java</file>
            <file>file:/C:/Users/xvpow/Documents/Ch5_20200722/src/ch5_20200722/Ch5_3.java</file>
            <file>file:/C:/Users/xvpow/Documents/Ch5_20200722/src/ch5_20200722/Ch5_4.java</file>
            <file>file:/C:/Users/xvpow/Documents/Ch5_20200722/src/ch5_20200722/Ch5_1.java</file>
            <file>file:/C:/Users/xvpow/Documents/Ch5_20200722/src/ch5_20200722/testoverride/TestOverride2.java</file>
            <file>file:/C:/Users/xvpow/Documents/Ch5_20200722/src/ch5_20200722/testoverride/TestOverride1.java</file>
            <file>file:/C:/Users/xvpow/Documents/Ch5_20200722/src/ch5_20200722/Ch5_5.java</file>
        </group>
    </open-files>
</project-private>
