<?xml version="1.0" encoding="UTF-8"?>
<project-private xmlns="http://www.netbeans.org/ns/project-private/1">
    <editor-bookmarks xmlns="http://www.netbeans.org/ns/editor-bookmarks/2" lastBookmarkId="0"/>
    <open-files xmlns="http://www.netbeans.org/ns/projectui-open-files/2">
        <group>
            <file>file:/C:/Users/xvpow/Documents/Ch3_20200717/src/ch3_20200717/Ch3_6.java</file>
            <file>file:/C:/Users/xvpow/Documents/Ch3_20200717/src/ch3_20200717/Ch3_7.java</file>
            <file>file:/C:/Users/xvpow/Documents/Ch3_20200717/src/ch3_20200717/Ch3_8.java</file>
            <file>file:/C:/Users/xvpow/Documents/Ch3_20200717/src/ch3_20200717/Ch3_9.java</file>
        </group>
    </open-files>
</project-private>
